{
  "best_model": "RandomForest",
  "rmse": 8.566534884623668,
  "mae": 6.353972228933867,
  "r2": 0.29503396748224897,
  "samples": 9751
}