{
  "frozen_mainline": {
    "experiment": {
      "auc": 0.8505509045419554,
      "f1": 0.3193717277486911,
      "precision": 0.23282442748091603,
      "recall": 0.5083333333333333,
      "best_threshold": 0.35000000000000003,
      "rows": 3545,
      "eval_rows": 1852,
      "positive_count": 120,
      "evaluated_terms": [
        20221,
        20231
      ],
      "label_version": "future_v3",
      "feature_bundle": "baseline+deviation+trend",
      "structure_version": "two_stage",
      "population_version": "recoverable",
      "state_thresholds": {
        "borderline": 0.35000000000000003,
        "low_participation": 0.37000000000000005,
        "stable": 0.32000000000000006
      }
    },
    "hardest_subgroup": {
      "group_type": "__sport_state_bucket",
      "group": "stable",
      "rows": 184,
      "positive_count": 28,
      "positive_rate": 0.15217391304347827,
      "auc": 0.5762362637362637,
      "f1": 0.2647058823529412,
      "precision": 0.16666666666666666,
      "recall": 0.6428571428571429,
      "mean_proba": 0.37957970957960124,
      "mean_threshold": 0.3200000000000001
    }
  },
  "controlled_candidate": {
    "experiment": {
      "auc": 0.8579676674364897,
      "f1": 0.3244444444444444,
      "precision": 0.22121212121212122,
      "recall": 0.6083333333333333,
      "best_threshold": 0.5200000000000001,
      "rows": 3545,
      "eval_rows": 1852,
      "positive_count": 120,
      "evaluated_terms": [
        20221,
        20231
      ],
      "label_version": "future_v3",
      "feature_bundle": "baseline+deviation+trend",
      "structure_version": "two_stage_conservative",
      "population_version": "recoverable",
      "state_thresholds": {
        "borderline": 0.5200000000000001,
        "low_participation": 0.18000000000000005,
        "stable": 0.4800000000000001
      }
    },
    "hardest_subgroup": {
      "group_type": "zf_grade",
      "group": "B",
      "rows": 232,
      "positive_count": 39,
      "positive_rate": 0.16810344827586207,
      "auc": 0.6031619503122094,
      "f1": 0.3147208121827411,
      "precision": 0.1962025316455696,
      "recall": 0.7948717948717948,
      "mean_proba": 0.5954828612115409,
      "mean_threshold": 0.5031034482758623
    }
  }
}