{
  "dataset": {
    "total_samples": 20081,
    "train_samples": 19749,
    "val_samples": 157,
    "test_samples": 175,
    "num_features": 25,
    "val_terms": [
      "2024-2025-T1"
    ],
    "test_terms": [
      "2024-2025-T2"
    ],
    "device_request": "auto",
    "gpu_enabled": false
  },
  "regression": {
    "rmse": 17.364620735104545,
    "mae": 10.018438151220975,
    "r2": -0.43693299418563103,
    "best_model": "RandomForest",
    "best_val_r2": 0.1840175181673519
  },
  "classification": {
    "auc": 0.8934890304317056,
    "f1": 0.2446043165467626,
    "positive_rate_test": 0.10285714285714286,
    "best_model": "RandomForest",
    "best_val_f1": 0.6952380952380952,
    "best_threshold": 0.17000000000000004
  },
  "clustering": {
    "n_clusters": 4,
    "cluster_sizes": {
      "0": 395,
      "1": 11327,
      "2": 5420,
      "3": 2939
    }
  },
  "artifacts": {
    "model_dir": "C:\\Users\\Lenovo\\Desktop\\fuchuangsai\\outputs\\models",
    "gpu_fallback_logs": []
  }
}