model,val_f1,best_val_threshold
RandomForest,0.8673323823109843,0.05
LightGBM,0.8673323823109843,0.05
XGBoost,0.8657142857142858,0.05
