label_subtype,rows,auc,positive_rows
single_fail,3366,0.8200757624387083,393
overall_low,3123,0.8648525619464066,150
