score_version,auc
core_only_score,0.6065835730265261
current_blended_score,0.6013902205177373
routed_score,0.6250399488654523
